"Nummer [Anke]","offizielle Nummer",Bezeichnung,Stadtteil,Adresse,"Koordinaten NS","Koordinaten OW ",Datierung,Beschreibung,Status,Fütterung,Kontrollen,WikipediaId,OsmId
1,240,"Handschwengelpumpe [abgebaut]",Reudnitz-Thonberg,"Albert-Schweitzer-Straße 8",5133198,1240402,,"Handschwengelpumpe mit Brunnenschacht und Abdeckplatte Ecke Oststraße","abgebaut [Anke]",,,09299205,
2,15,Handschwengelpumpe,Zentrum-West,Alexanderstraße,513397909,123629469,,"Handschwengelpumpe mit Brunnenschacht und Abdeckplatte aus Granit (Typ Gotik)","wahrscheinlich abgebaut",,,09292747,
3,168,"Handschwengelpumpe [Torso]",Neulindenau,"Alte Salzstraße",5132656,1232058,,"Handschwengelpumpe mit Brunnenschacht und Abdeckplatte in Ecklage Thüringer Straße (Typ K)","wahrscheinlich abgebaut",,,09294883,
4,107,Handschwengelpumpe,Südvorstadt,"Arndtstraße 60 (andere Straßenseite)",5132307,123780696,,"Handschwengelpumpe mit Brunnenschacht und Abdeckplatte gegenüber Nr. 60, am Albrecht-Dürer-Platz","abgebaut [Anke] --> wäre schöner Standort",,,09294843,
5,,Handschwengelpumpe,Stötteritz,"Arnoldstraße 16 (andere Straßenseite)",513215967,124187388,,"Handschwengelpumpe mit Brunnenschacht und Abdeckplatte, zwischen Weiße- u. Ferdinand-Jost-Straße","Standort nicht gefunden, wahrscheinlich gar nicht mehr vorhanden (jetzt Straßenbahnhaltestelle) [Anke]",,,09304112,
6,230,"Handschwengelpumpe [abgebaut]",Südvorstadt,August-Bebel-Straße,5131900,1236888,"1910 (Handschwengelpumpe)","gusseiserne Handschwengelpumpe und Abdeckplatte vor Nr. 61 (Typ Großer Löwe<Fragezeichen>)","wahrscheinlich abgebaut",,,09295749,
7,83,Handschwengelpumpe,Zentrum-Südost,"Auguste-Schmidt-Straße 10",513357525,123820871,,"Handschwengelpumpe mit Brunnenschacht und Abdeckplatte schräg gegenüber Nr. 10","abgebaut [Anke]",,,09299200,
8,146,"Handschwengelpumpe [Torso]",Volkmarsdorf,Bautzmannstraße,5134477,12417002,,"Sockel einer Handschwengelpumpe mit Brunnenschacht und Abdeckplatte Ecke Eisenbahnstraße 156 (Typ Gotik)","wahrscheinlich abgebaut",,,09294858,
9,,Handschwengelpumpe,Zentrum-Südost,"Bayrischer Platz",5133017,123803878,,"Handschwengelpumpe mit Brunnenschacht und Abdeckplatte auf dem Vorplatz am Bayrischen Bahnhof (zur Straße des 18. Oktober; neben dem Portikus)","Standort nicht gefunden [Anke]",,,09297306,
10,183,"Handschwengelpumpe [Torso]",Volkmarsdorf,Bennigsenstraße,5134563,1241403,,"Torso einer Handschwengelpumpe mit Brunnenschacht und Abdeckplatte vor Nr. 1 (Typ Delphin)",,,,09294652,
"11, 12,  13","284, 285, 286","Drei Handschwengelpumpen",Eutritzsch,"Berliner Straße 125-127",5136050,1239653,,"Drei Handschwengelpumpen mit Brunnenschacht und Abdeckplatte; eine Pumpe Typ Gotik",,,,09263808,
14,264,"Handschwengelpumpe [rekonstruiert]",Südvorstadt,"Bernhard-Göring-Straße 104 (andere Straßenseite)",5131674,1237674,"nach 1908 (Handschwengelpumpe)","gusseiserne Handschwengelpumpe gegenüber von Bernhard-Göring-Straße 104, in Ecklage Fichtestraße (Typ Kleiner Löwe)",,"10.8.21 (erfolglos)",,09295456,node/2633989803
15,150,"Handschwengelpumpe [Torso]",Anger-Crottendorf,Bernhardstraße,5133839,1240911,,"Torso einer Handschwengelpumpe mit Brunnenschacht und Abdeckplatte vor Nr. 7 (Typ Delphin)","wahrscheinlich nur alter Torso vorhanden",,,09294859,
16,266,"Handschwengelpumpe [abgebaut]",Möckern,Blücherstraße,5136812,1234889,,"Handschwengelpumpe mit Brunnenschacht und Abdeckplatte gegenüber Nr. 1 in Ecklage Huygensstraße, 2013 Pumpe rekonstruiert und versetzt vor Huygensstraße 3 (Typ Kleiner Löwe)","wahrscheinlich abgebaut",,,09294852,
17,194,Handschwengelpumpe,Lößnig,"Bornaische Straße",512954422,123861883,"um 1900 (Handschwengelpumpe)","gusseiserne Handschwengelpumpe mit Brunnenschacht und Abdeckplatte in Höhe Raschwitzer Straße (Typ Delphin)","Standort wahrscheinlich nicht mehr vorhanden",,,09296179,
18,270,"Handschwengelpumpe [rekonstruiert]",Connewitz,"Bornaische Straße 3c",5130948,123746,"1910 (Handschwengelpumpe)","Gusseiserne Handschwengelpumpe mit Brunnenschacht und Abdeckplatte (Typ Großer Löwe); Wiederaufstellung nach Sanierung 30. August 2000",,"10.8.21 (erfolglos)",,09296343,node/2633989778
19,151,Handschwengelpumpe,Anger-Crottendorf,"Borsdorfer Straße",5133530,1241111,,"Handschwengelpumpe mit Brunnenschacht und Abdeckplatte (Typ Gotik) sowie Kleinpflaster und Granitschwellen der kleinen Verkehrsinsel in Ecklage Theodor-Neubauer-Straße","abgebaut [Anke] --> wäre schöner Standort",,,09299206,
20,119,"Stumpf einer Handschwengelpumpe [abgebaut]",Südvorstadt,Brandvorwerkstraße,5132240,1236776,"nach 1877 (Handschwengelpumpe)","Stumpf einer Handschwengelpumpe mit Brunnenschacht und Abdeckplatte in Höhe Alfred-Kästner-Straße 9 (Typ Gotik)","wahrscheinlich abgebaut",,,09295648,
21,,Handschwengelpumpe,Gohlis-Mitte,"Breitenfelder Straße",513716105,123638635,,"Handschwengelpumpe und Brunnenschacht und Abdeckplatte in Ecklage, an einer kleinen Grünanlage",,,,09297314,
22,206,Handschwengelpumpe,Reudnitz-Thonberg,"Breitkopfstraße 12 (andere Straßenseite)",5133661,123987117,,"Handschwengelpumpe mit Brunnenschacht und Abdeckplatte gegenüber Nr. 12 in Ecklage Täubchenweg","abgebaut [Anke] ",,,09263857,
23,26,"Handschwengelpumpe [rekonstruiert]",Zentrum,"Brühl 18",5134300,123749,,"Handschwengelpumpe mit Brunnenschacht und Abdeckplatte vor dem Romanushaus",betriebsbereit,,,09291088,
24,221,Handschwengelpumpe,Sellerhausen-Stünz,Bruhnsstraße,5134114,1242957,"nach 1910 (Handschwengelpumpe)","Handschwengelpumpe mit Brunnenschacht und Abdeckplatte in Ecklage Plaußiger Straße (Typ Abart Kleiner Löwe)","wahrscheinlich nur alter Torso vorhanden",,,09294846,
25,261,Handschwengelpumpe,Dölitz-Dösen,Bürgerstraße,5128800,1239255,"um 1910 (Handschwengelpumpe)","gusseiserne Handschwengelpumpe mit Brunnenschacht und Abdeckplatte in Nähe Einmündung Bornaische Straße (Typ Kleiner Löwe)","wahrscheinlich abgebaut",,,09296178,node/2633989757
26,43,"Handschwengelpumpe [rekonstruiert]",Zentrum,"Burgstraße 19",5133824,1237331,,"Handschwengelpumpe mit Brunnenschacht und Abdeckplatte vor dem Gasthof Thüringer Hof (Typ Gotik)",betriebsbereit,,,09292753,
27,65,"Handschwengelpumpe [Torso]",Zentrum-Ost,Chopinstraße,5134339,12390347,,"Handschwengelpumpe mit Brunnenschacht und Abdeckplatte gegenüber Nr. 15 in Ecklage Hans-Poeche-Straße (Typ Delphin)","wahrscheinlich nur alter Torso vorhanden",,,09290039,
28,247,"Handschwengelpumpe [abgebaut]",Schönefeld-Abtnaundorf,Clara-Wieck-Straße,5135746,1241371,,"Handschwengelpumpe mit Brunnenschacht und Abdeckplatte vor Nr. 34/36","wahrscheinlich abgebaut",,,09294857,
29,259,Handschwengelpumpe,Gohlis-Mitte,Coppiplatz,5136743665,12367130431077214,,"Handschwengelpumpe mit Brunnenschacht und Abdeckplatte (Ganzplatte) zwischen Landsberger Straße und Heinrich-Budde-Straße","wahrscheinlich abgebaut",,,09297788,
30,207,"Handschwengelpumpe [rekonstruiert]",Reudnitz-Thonberg,"Crusiusstraße 2a",5133902,1239841,,"Handschwengelpumpe mit Brunnenschacht und Abdeckplatte vor Nr. 2a in Ecklage Dresdner Straße/Stephaniplatz (Typ Delphin)","betriebsbereit, wenn mit ca. 6 L Wasser gefüttert wurde",17.07.2021,"21.7.21, 4.8.21",09294869,
31,218,"Handschwengelpumpe [rekonstruiert]",Zentrum-West,"Davidstraße 9",5133486,1235675,"nach 1908 (Wasserversorgungs- und Abwasseranlage)","Handschwengelpumpe mit Brunnenschacht und Abdeckplatte gegenüber Nr. 9 in Ecklage Sebastian-Bach-Straße (Typ Kleiner Löwe)",,,,09292455,
32,,Handschwengelpumpe,Eutritzsch,"Delitzscher Straße 141",5138447695,12376157898775695,,"Handschwengelpumpe mit Brunnenschacht und Abdeckplatte im Städtischen Klinikum „St. Georg“ Leipzig",,,,09294844,
33,173,"Handschwengelpumpe [abgebaut]",Kleinzschocher,Dieskaustraße,5131685,1232703,,"Handschwengelpumpe und Brunnenschacht und Abdeckplatte vor Nr. 51, gegenüber 36/38","wahrscheinlich abgebaut",,,09294874,
34,174,"Handschwengelpumpe [abgebaut]",Kleinzschocher,Dieskaustraße,5131625,1232644,,"Handschwengelpumpe mit Brunnenschacht und Abdeckplatte vor Nr. 50","wahrscheinlich abgebaut",,,09290217,
35,172,Handschwengelpumpe,Kleinzschocher,Dieskaustraße,5131950,1232905,,"Handschwengelpumpe mit Brunnenschacht und Abdeckplatte vor Nr. 12 in Nähe Ecklage Wigandstraße (Typ Delphin)","wahrscheinlich abgebaut",,,09294873,
36,248,"Handschwengelpumpe [Torso]",Schönefeld-Abtnaundorf,"Dimpfelstraße 52",5135380,1240868,,"Handschwengelpumpe mit Brunnenschacht und Abdeckplatte (Typ L)","wahrscheinlich nur alter Torso vorhanden",,,09260231,
37,249,Handschwengelpumpe,Schönefeld-Abtnaundorf,"Dimpfelstraße 25",5135648,1240932,,"Handschwengelpumpe mit Brunnenschacht und Abdeckplatte","wahrscheinlich nur alter Torso vorhanden",,,09260243,
38,45,"Handschwengelpumpe [abgebaut]",Zentrum,Dittrichring,5133953,1237169,,"Handschwengelpumpe mit Brunnenschacht und Abdeckplatte in Ecklage Thomaskirchhof, am Fußweg der Grünanlage (gegenüber Hauptportal Thomaskirche)","wahrscheinlich abgebaut",,,09291023,
39,61,"Handschwengelpumpe [abgebaut]",Zentrum-Ost,"Dohnanyistraße 9",5134572,1238932,,"Handschwengelpumpe mit Brunnenschacht und Abdeckplatte vor Nr. 9, Nähe Ecke Hans-Poeche-Straße","wahrscheinlich abgebaut",,,09290968,
40,250,Handschwengelpumpe,Gohlis-Süd,Ehrensteinstraße,513581067,123746245,,"Handschwengelpumpe mit Brunnenschacht und Abdeckplatte Ecke Gohliser Straße","wahrscheinlich abgebaut",,,09292784,
41,158,Handschwengelpumpe,Plagwitz,Erich-Zeigner-Allee,513320663,123413155,,"Handschwengelpumpe mit Brunnenschacht und Abdeckplatte neben der Kirche","wahrscheinlich abgebaut",,,09293042,
44,143,"Handschwengelpumpe [Torso]",Volkmarsdorf,Ernst-Thälmann-Platz,5134362,1240902,,"Handschwengelpumpe mit Brunnenschacht und Abdeckplatte gegenüber Elisabethstraße 17 (Typ Gotik)","wahrscheinlich nur alter Torso vorhanden",,,09299212,
42,,,"Zentrum-Süd",Floßplatz,5133020605,123717105493359,,,,,
43,,,"Zentrum-Süd",Floßplatz,5133020605,123717105493359,,,,,
46,,,"Zentrum-Südost","Friedrichstraße 13",5133343,123850308,,,"abgebaut [Anke]",,
45,91,"Handschwengelpumpe [abgebaut]",Zentrum-Südost,"Friedrichstraße 34",5133298,123849,,"Handschwengelpumpe mit Brunnenschacht und Abdeckplatte sowie Wartungsschacht gegenüber ehemals Nr. 34, hinter Talstraße 34/Brüderstraße 55","abgebaut [Anke]",,,09299210,
47,234,Handschwengelpumpe,Gohlis-Süd,Fritz-Seger-Straße,5135860,1237124,,"Handschwengelpumpe mit Brunnenschacht und Abdeckplatte (Typ Vogelkäfig)","wahrscheinlich nur alter Torso vorhanden",,,09294853,
48,,"Vermutlicher Standort einer Handschwengelpumpe",Leutzsch,Georg-Schwarz-Straße,513468501,123156358,,"Vermutlicher Standort einer Handschwengelpumpe mit Brunnenschacht und Abdeckplatte Ecke Bischhofstraße, vor dem Kopfbau gegenüber „Liebesplatz“",,,,09299208,
49,89,Handschwengelpumpe,Zentrum-Südost,"Glockenstraße 6 (andere Straßenseite)",5133345,123836317,,"Handschwengelpumpe mit Brunnenschacht und Abdeckplatte gegenüber Hauseingang Nürnberger Straße 45","abgebaut [Anke]",,,09263548,
50,82,"Handschwengelpumpe [abgebaut]",Zentrum-Südost,Goldschmidtstraße,5133649,1238279,,"nahe Roßplatz; Handschwengelpumpe mit Brunnenschacht und Abdeckplatte","wurde verfüllt [Bau und Service GmbH]",,,09262082,
51,81,"Handschwengelpumpe [abgebaut]",Zentrum-Südost,"Goldschmidtstraße 29",5133584,1238606,"1910 (Handschwengelpumpe)","Handschwengelpumpe mit Brunnenschacht und Abdeckplatte in Ecklage Talstraße, vor Nr. 29 (Typ Großer Löwe<Fragezeichen>)","abgebaut [Anke]",,,09290158,
52,246,"Handschwengelpumpe [rekonstruiert]",Schönefeld-Ost,"Gorkistraße 27",5135850,1241761,,"Handschwengelpumpe mit Brunnenschacht und Abdeckplatte (Typ Vogelkäfig; saniert)","Standort nicht gefunden [Rüdiger]",,,09260098,
53,205,Handschwengelpumpe,Reudnitz-Thonberg,"Göschenstraße 9",5133776,1239676,,"Handschwengelpumpe mit Brunnenschacht und Abdeckplatte in Ecklage Frommannstraße, vor Nr. 9 (Typ Delphin)","verrosteter Torso mit Schwengel vorhanden [Anke]",,,09294891,
54,,Handschwengelpumpe,Zentrum-West,Gottschedstraße,5134115,123673661,"nach 1908 (Wasserversorgungs- und Abwasseranlage)","Handschwengelpumpe mit Brunnenschacht und Abdeckplatte in Ecklage Käthe-Kollwitz-Straße (Typ Kleiner Löwe)",,,,09290147,
55,136,"Handschwengelpumpe [rekonstruiert]",Eutritzsch,"Gräfestraße 7",5136959,1238442,,"Handschwengelpumpe mit Brunnenschacht und Abdeckplatte (Typ Kleiner Löwe)",betriebsbereit,,,09294451,
56,115,"Handschwengelpumpe [Torso]",Zentrum-Süd,Härtelstraße,5133273,1237609,"um 1880 (Handschwengelpumpe)","Handschwengelpumpe mit Brunnenschacht und Abdeckplatte vor Nr. 11 (Typ Gotik)","wahrscheinlich nur alter Torso vorhanden",,,09297073,
57,229,"Handschwengelpumpe [rekonstruiert]",Neustadt-Neuschönefeld,"Hedwigstraße 3",5134583,124032,,"Handschwengelpumpe mit Brunnenschacht und Abdeckplatte (Ganzplatte; saniert)",,,,09262760,
58,280,"Handschwengelpumpe [abgebaut]",Schönefeld-Abtnaundorf,Heiterblickstraße,5136920,1241879,,"Handschwengelpumpe mit Brunnenschacht und Abdeckplatte (Typ Kleiner Löwe)","wahrscheinlich abgebaut",,,09260149,
59,208,"Handschwengelpumpe [abgebaut]",Lindenau,Henriettenstraße,5133341,1232428,,"Handschwengelpumpe mit Brunnenschacht und Abdeckplatte in Ecklage Lützner Straße; gegenüber Nr. 17, neben Haus Lützner Straße 103 (Typ Vogelkäfig)",,,,09294872,
60,262,"Handschwengelpumpe [abgebaut]",Connewitz,Herderstraße,5130804,1237538,"19. September 2013 Pumpenkörper nicht mehr vorhanden","Handschwengelpumpe mit Brunnenschacht und Abdeckplatte in Ecklage Biedermannstraße (am Herderplatz)","wahrscheinlich abgebaut",,,09296302,
61,260,"Handschwengelpumpe [abgebaut]",Gohlis-Süd,Herloßsohnstraße,5136157,123571,,"Handschwengelpumpe mit Brunnenschacht und Abdeckplatte in Ecklage Möckernsche Straße gegenüber Herloßsohnstraße 2","wahrscheinlich abgebaut",,,09296889,
62,144,"Handschwengelpumpe [abgebaut]",Neustadt-Neuschönefeld,Hermann-Liebmann-Straße,5134162,1240603,"1919 (Handschwengelpumpe)","Handschwengelpumpe mit Brunnenschacht und Ganzplatte vor Nr. 33/35 (Nähe Bergstraße auf einer kleinen Grünfläche, Typ Großer Löwe)","wahrscheinlich abgebaut",,,09294870,
63,142,"Handschwengelpumpe [abgebaut]",Neustadt-Neuschönefeld,Hermann-Liebmann-Straße,5134539,12405784,,"Handschwengelpumpe mit Brunnenschacht und Abdeckplatte Ecke Eisenbahnstraße; vor dem Geschäftshausneubau","wahrscheinlich abgebaut",,,09299207,
64,203,"Handschwengelpumpe [rekonstruiert]",Eutritzsch,"Hohmannstraße / Berliner Straße",5135715,123935,,"Handschwengelpumpe mit Brunnenschacht und Abdeckplatte in Ecklage Berliner Straße (Typ Delphin)",,,,09294892,
65,238,"Handschwengelpumpe [abgebaut]",Schleußig,Holbeinstraße,5132647,123425,,"Handschwengelpumpe mit Brunnenschacht und Abdeckplatte","wahrscheinlich abgebaut",,,09263876,
162,295,,"Stötteritz","Holzhäuserstraße 131",5131973875,12428925682753272,,,"wahrscheinlich abgebaut",,
66,,,"Möckern",Huygensstraße,5136657,123499008,,,,,
67,,"Handschwengelpumpe [abgebaut]",Zentrum-Ost,Inselstraße,5134000,1239091,,"Handschwengelpumpe mit Brunnenschacht und Abdeckplatte gegenüber Nr. 11 (Typ Gotik)","wahrscheinlich abgebaut",,,09294777,
68,190,Handschwengelpumpe,Gohlis-Mitte,Jägerstraße,513692668,123616917,,"Handschwengelpumpe mit Brunnenschacht und Abdeckplatte vor Nr. 2, Ecke Landsberger Straße","wahrscheinlich abgebaut",,,09297789,
69,139,"Handschwengelpumpe [abgebaut]",Neustadt-Neuschönefeld,Jonasstraße,5134589,12396639,,"Handschwengelpumpe mit Brunnenschacht und Abdeckplatte Ecke Eisenbahnstraße","wahrscheinlich abgebaut",,,09299204,
70,220,"Handschwengelpumpe [abgebaut]",Sellerhausen-Stünz,Julius-Krause-Straße,5133844,1243196,,"Handschwengelpumpe mit Brunnenschacht und Abdeckplatte vor Nr. 36/38 (Typ Gotik)","wahrscheinlich abgebaut",,,09294845,
71,149,"Handschwengelpumpe [Torso]",Neustadt-Neuschönefeld,"Kapellenstraße 6",5133894,1240447,,"Torso einer Handschwengelpumpe mit Brunnenschacht und Abdeckplatte vor Nr. 6 (Typ Delphin)","verrosteter Torso mit Schwengel vorhanden [Anke]",,,09294840,
160,209,Handschwengelpumpe,Altlindenau,Karl-Ferlemann-Straße,513368859,123241993,,"Handschwengelpumpe mit Brunnenschacht und Abdeckplatte in Ecklage Geraer Straße","wahrscheinlich abgebaut",,,09294850,
73,110,"Handschwengelpumpe [abgebaut]",Südvorstadt,Karl-Liebknecht-Straße,5131942,1237331,"nach 1877 (Handschwengelpumpe)","Handschwengelpumpe mit Brunnenschacht und Abdeckplatte in Höhe Schützplatz/Scharnhorststraße (Typ Gotik)","wahrscheinlich abgebaut",,,09260164,
161,178,Handschwengelpumpe,Zentrum-Süd,"Karl-Liebknecht-Straße 44",51325444950000005,12373400125304371,,"Handschwengelpumpe mit Brunnenschacht und Abdeckplatte","abgebaut [Anke]",,,09295647,
72,109,"Handschwengelpumpe [abgebaut]",Südvorstadt,"Karl-Liebknecht-Straße 72",5132218,1237337,,"Handschwengelpumpe mit Brunnenschacht und Abdeckplatte Ecke Alfred-Kästner-Straße; vor Karl-Liebknecht-Straße Nr. 72","abgebaut [Anke]",,,09296162,
74,,,"Lindenthal","Karl-Mannsfeld-Straße",513874187,123219444,,,,,
75,7,"Handschwengelpumpe [rekonstruiert]",Zentrum,"Katharinenstraße 9",5134183,1237493,"nach 1850 (Handschwengelpumpe)","Handschwengelpumpe mit Brunnenschacht und Abdeckplatte vor Nr. 9 (Typ Delphin)","intakt, aber nicht betriebsbereit [Anke] Brunnen verpresst [Bau und Service Leipzig GmbH]",,,09294778,
76,257,Handschwengelpumpe,Zentrum-Nord,Kickerlingsberg,51351936,123707825,"1910 (Handschwengelpumpe)","Handschwengelpumpe mit Brunnenschacht und Abdeckplatte in Ecklage Springerstraße (Typ Großer Löwe); nur noch Pumpenfußteil vorhanden","wahrscheinlich nur noch Stumpf vorhanden",,,09294876,
77,239,Handschwengelpumpe,Reudnitz-Thonberg,"Kippenbergstraße 15",5133520,124057388,,"Handschwengelpumpe mit Brunnenschacht und Abdeckplatte","abgebaut [Anke]",,,09263864,
78,132,Handschwengelpumpe,Gohlis-Süd,Kirchplatz,513581861,123683144,,"Handschwengelpumpe mit Brunnenschacht und Abdeckplatte (Typ Gotik) Kirchplatz Gohlis, an der Lützowstraße","wahrscheinlich nur noch Stumpf vorhanden",,,09290017,
79,,"Handschwengelpumpe [abgebaut]",Zentrum-Ost,"Lange Straße",5133938,1239381,,"Handschwengelpumpe mit Brunnenschacht und Abdeckplatte, nahe der Dresdner Straße","abgebaut, mit großer Steinplatte abgedeckt [Anke]",,,09292773,
80,245,"Handschwengelpumpe [abgebaut]",Schönefeld-Abtnaundorf,Lazarusstraße,5136083,1241528,,"Handschwengelpumpe mit Brunnenschacht und Abdeckplatte vor Nr. 24","wahrscheinlich abgebaut",,,09294856,
81,18,Handschwengelpumpe,Zentrum-Nordwest,Leibnizstraße,513433181,123646699,,"Handschwengelpumpe Nr. 18 mit Brunnenschacht und Abdeckplatte (Typ Gotik) vor Nr. 15/17","wahrscheinlich abgebaut",,,09294890,
82,226,Handschwengelpumpe,Dölitz-Dösen,Leinestraße,5128604,1241067,"um 1900 (Handschwengelpumpe)","Handschwengelpumpe mit Brunnenschacht und Abdeckplatte auf einem kleinen Platz vor Nr. 52 (Typ Delphin; Insel hinter dem Teich)","wahrscheinlich nur verosteter<Fragezeichen> Torso vorhanden",,,09296136,
83,118,Handschwengelpumpe,Zentrum-Südost,Leplaystraße,5133439,123784779,,"Handschwengelpumpe mit Brunnenschacht und Abdeckplatte Ecke Grünewaldstraße (Typ Gotik)","abgebaut [Anke]",,,09291505,
84,16,"Handschwengelpumpe [abgebaut]",Zentrum-West,Lessingstraße,5134205,1236584,,"Handschwengelpumpe Nr. 16 mit Brunnenschacht und Abdeckplatte vor Nr. 13","wahrscheinlich abgebaut",,,09291162,
85,265,Handschwengelpumpe,Gohlis-Süd,"Lindenthaler Straße",5135934,1236543,,"Handschwengelpumpe mit Brunnenschacht und Abdeckplatte in Ecklage Berggartenstraße vor Nr. 1 (Typ Delphin)","wahrscheinlich nur verosteter<Fragezeichen> Torso vorhanden",,,09294882,
86,235,"Handschwengelpumpe [rekonstruiert]",Lößnig,"Lobstädter Straße 9",5129841,1238863,,"Handschwengelpumpe mit Brunnenschacht und Abdeckplatte vor Nr. 9 und in Ecklage Ernst-Toller-Straße (Typ Vogelkäfig)",,,,09296547,
87,19,"Handschwengelpumpe [rekonstruiert]",Zentrum-Nordwest,"Lortzingstraße 3",5134528,1237062,,"Handschwengelpumpe mit Brunnenschacht und Abdeckplatte vor Nr. 3, hinter dem Naturkundemuseum (Typ Delphin)",,,,09290393,
89,62,Handschwengelpumpe,Neustadt-Neuschönefeld,Ludwig-Erhard-Straße,513409748,123953792,,"Handschwengelpumpe mit Brunnenschacht und Abdeckplatte; Typ Kleiner Löwe",,,,09263878,
88,66,"Handschwengelpumpe [rekonstruiert]",Zentrum-Ost,"Ludwig-Erhard-Straße 53",5134468,1239305,,"Handschwengelpumpe mit Brunnenschacht und Abdeckplatte vor Nr. 51/53 (Typ Kleiner Löwe)","betriebsbereit [Anke]","bisher nicht erforderlich","21.7.21, 4.8.21",09294862,
90,188,"Handschwengelpumpe [Torso]",Neustadt-Neuschönefeld,Ludwigstraße,5134663,1240026,"um 1900 (Handschwengelpumpe)","Handschwengelpumpe mit Brunnenschacht und Abdeckplatte in Ecklage Neustädter Straße (Typ Delphin), gegenüber Ludwigstraße 20","wahrscheinlich nur alter Torso vorhanden",,,09293347,
91,182,Handschwengelpumpe,Volkmarsdorf,Ludwigstraße,5134602,1241148,,"Handschwengelpumpe mit Brunnenschacht und Abdeckplatte vor Haus Nr. 115 (Typ Delphin)","wahrscheinlich nur alter Torso vorhanden",,,09294594,
91,179,Handschwengelpumpe,Volkmarsdorf,Ludwigstraße,5134616,1240892,,"Handschwengelpumpe mit Brunnenschacht und Abdeckplatte vor Nr. 99 in Ecklage Elisabethstraße (Typ Delphin)","wahrscheinlich nur alter Torso vorhanden",,,09294584,
92,25,"Handschwengelpumpe [rekonstruiert]",Zentrum,"Magazingasse 1 (andere Straßenseite)",5133728,1237649,"nach 1910 (Handschwengelpumpe)","Handschwengelpumpe mit Brunnenschacht und Abdeckplatte Ecke Neumarkt (Typ Vogelkäfig)","Brunnen verpresst [Bau und Service Leipzig GmbH]",,,09290375,
93,276,"Handschwengelpumpe [abgebaut]",Eutritzsch,Magnusstraße,5137448,1238577,"1910 (Handschwengelpumpe)","Handschwengelpumpe mit Brunnenschacht und Abdeckplatte neben Haus Delitzscher Straße 160","wahrscheinlich abgebaut",,,09294854,
94,189,"Handschwengelpumpe [rekonstruiert]",Neustadt-Neuschönefeld,"Mariannenstraße 10",5134730,1239777,,"Handschwengelpumpe mit Brunnenschacht und Abdeckplatte (Typ Delphin)",betriebsbereit,,,09293310,
95,180,"Handschwengelpumpe [Torso]",Volkmarsdorf,Mariannenstraße,5134675,1240906,,"Torso einer Handschwengelpumpe mit Brunnenschacht und Abdeckplatte vor Nr. 91 in Ecklage eines öffentlichen Platzes und in Ecklage Elisabethstraße","wahrscheinlich nur alter Torso vorhanden",,,09294887,
96,181,Handschwengelpumpe,Volkmarsdorf,Mariannenstraße,5134653,1241151,,"Handschwengelpumpe mit Brunnenschacht und Abdeckplatte vor Nr. 102 in Ecklage Idastraße (Typ Delphin)","wahrscheinlich nur alter Torso vorhanden",,,09294629,
97,184,"Handschwengelpumpe [abgebaut]",Volkmarsdorf,Mariannenstraße,5134650,1241373,,"Handschwengelpumpe mit Brunnenschacht und Abdeckplatte vor Nr. 121 in Ecklage Bennigsenstraße","wahrscheinlich abgebaut",,,09294863,
98,64,"Handschwengelpumpe [rekonstruiert]",Zentrum-Ost,Marienplatz,5134289,12392808,,"Handschwengelpumpe mit Brunnenschacht und Abdeckplatte (Typ Delphin)","betriebsbereit, wenn mit ca. 4 L Wasser gefüttert wurde",21.7.21.,"04.08.2021, 8.8.21",09290408,
99,93,Handschwengelpumpe,Zentrum-Süd,Markthallenstraße,513351637,123763337,,"Handschwengelpumpe mit Brunnenschacht und Fassung","Standort nicht gefunden, wahrscheinlich gar nicht mehr vorhanden (jetzt Eingang S-Bahn-Station) [Anke]",,,09263552,
159,,,Liebertwolkwitz,"Marktplatz Liebertwolkwitz",512826373,124639511,,"(spezieller Typ)",,,
100,198,"Handschwengelpumpe [abgebaut]",Connewitz,"Meusdorfer Straße",5130647,1238037,"19. September 2013 Pumpenkörper nicht mehr vorhanden","Handschwengelpumpe mit Brunnenschacht und Abdeckplatte vor Nr. 61","wahrscheinlich abgebaut",,,09297155,
101,199,Handschwengelpumpe,Gohlis-Mitte,Michael-Kazmierczak-Straße,5136590,1237288,,"Handschwengelpumpe mit Brunnenschacht und Abdeckplatte (Typ Delphin)","wahrscheinlich nur verosteter<Fragezeichen> Torso vorhanden",,,09262281,
102,201,"Handschwengelpumpe [Torso]",Gohlis-Mitte,Michael-Kazmierczak-Straße,5136791,1237357,,"Handschwengelpumpe mit Brunnenschacht und Abdeckplatte in Ecklage Adolf-Menzel-Straße (Typ Delphin)","wahrscheinlich nur verosteter Torso vorhanden",,,09294879,
103,,,"Leipzig-Zentrum","Naschmarkt (Löwenbrunnen)",5133997,12375608,,,betriebsbereit,,
"104, 105, 106",38,"Handschwengelpumpe [rekonstruiert]",Zentrum,"Neumarkt 2",5133971,1237647,"1910 (Handschwengelpumpe)","Handschwengelpumpe mit Brunnenschacht und Abdeckplatte vor Nr. 2 Ecke Grimmaische Straße (Typ Gotik); wiederaufgestellt nach Sanierung 2002",,,,09294781,
107,39,"Handschwengelpumpe [rekonstruiert]",Zentrum,"Neumarkt 24",5133847,123762,"1910 (Handschwengelpumpe)","Handschwengelpumpe mit Brunnenschacht und Abdeckplatte vor Nr. 24 (Typ Großer Löwe)",betriebsbereit,,,09294780,
108,138,"Handschwengelpumpe [abgebaut]",Neustadt-Neuschönefeld,"Neustädter Markt",5134771,1240318,,"Handschwengelpumpe mit Brunnenschacht und Abdeckplatte an der Meißner Straße, in Nähe des Gefallenendenkmals vor der Kirche (Typ Kleiner Löwe) (Wasserpumpe abgebaut 12/1995)","wahrscheinlich abgebaut",,,09294888,
109,236,"Handschwengelpumpe [Torso]",Schleußig,Oeserstraße,5131940,1234106,"1910 (Handschwengelpumpe)","Handschwengelpumpe mit Brunnenschacht in Ecklage Könneritzstraße Nr. 100 (Typ Großer Löwe)","abgebaut [Thorsten]",,,09261106,
110,,"Brunnenschacht und Abdeckplatte einer Handschwengelpumpe",Möckern,Olbrichtstraße,513709093,123560115,,"Brunnenschacht und Abdeckplatte einer Handschwengelpumpe vor der Hoffront Haus 39 des ehemaligen Kasernengeländes",,,,09300520,
111,243,"Handschwengelpumpe [rekonstruiert]",Schönefeld-Abtnaundorf,"Ossietzkystraße / Robert-Blum-Straße",5135949,1241243,,"Handschwengelpumpe mit Brunnenschacht und Abdeckplatte an der Einmündung Robert-Blum-Straße (Typ Delphin)","betriebsbereit, wenn mit ca. 5 L Wasser gefüttert wurde",14.07.2021,,09264372,
112,,"Drei Handschwengelpumpen",Anger-Crottendorf,"Oststraße 119",5132845,12418274,,"Drei Handschwengelpumpen mit Brunnenschacht und Abdeckplatte auf dem Ostfriedhof, 3. Abteilung und vor der Kapelle Oststraße Nr. 119",,,,09299211,
113,176,"Handschwengelpumpe [abgebaut]",Zentrum-Süd,Paul-Gruner-Straße,5132764,1237985,,"Handschwengelpumpe mit Brunnenschacht und Abdeckplatte in Ecklage Arthur-Hoffmann-Straße","abgebaut [Anke]",,,09297307,
114,191,Handschwengelpumpe,Zentrum-Süd,Paul-Gruner-Straße,513275217,123804188,,"Handschwengelpumpe mit Brunnenschacht und Abdeckplatte (am Floßplatz)","Standort wahrscheinlich nicht mehr vorhanden",,,09297004,
115,1,"Handschwengelpumpe [rekonstruiert]",Zentrum-Süd,"Peterssteinweg 10",5133278,1237349,"nach 1910 (Handschwengelpumpe)","Handschwengelpumpe mit Brunnenschacht und Abdeckplatte in Ecklage Münzgasse (Typ Vogelkäfig)",betriebsbereit,,,09297205,
116,114,"Handschwengelpumpe [rekonstruiert]",Zentrum-Nord,"Pfaffendorfer Straße / Ernst-Pinkert-Straße",5134945,1237232,,"Handschwengelpumpe mit Brunnenschacht und Abdeckplatte in Ecklage Ernst-Pinkert-Straße (Typ Gotik)",betriebsbereit,,,09292780,
117,156,Handschwengelpumpe,Zentrum-Südost,Philipp-Rosenthal-Straße,513287947,123859685,,"Handschwengelpumpe mit Brunnenschacht und Abdeckplatte in den ehemaligen Gärten zwischen Philipp-Rosenthal-Straße und Prager Straße (Typ K)","Standort nicht gefunden, wahrscheinlich abgebaut [Anke]",,,09299209,
118,195,"Handschwengelpumpe [Torso]",Stötteritz,"Prager Straße / Egon-Erwin-Kisch-Weg",5131665,1240961,"1910 (Handschwengelpumpe), 19. September 2013 nur noch Pumpenunterteil vorhanden","Handschwengelpumpe mit Brunnenschacht und Abdeckplatte in Ecklage Egon-Erwin-Kisch-Weg (Typ Großer Löwe)","abgebaut, nur noch Pumpenunterteil vorhanden [Anke]",,,09263032,
119,159,Handschwengelpumpe,Connewitz,Prinz-Eugen-Straße,513031503,123745896,,"Handschwengelpumpe mit Brunnenschacht und Abdeckplatte vor Nr. 11","wahrscheinlich abgebaut",,,09292901,
120,177,Handschwengelpumpe,Connewitz,Prinz-Eugen-Straße,513031503,123745896,,"Handschwengelpumpe mit Brunnenschacht und Abdeckplatte gegenüber Nr. 29, neben Nr. 25 (am ehemaligen Dorfteich Connewitz)",,,,09297085,
121,160,Handschwengelpumpe,Connewitz,"Prinz-Eugen-Straße 19",5130182,1237913,,"Handschwengelpumpe mit Brunnenschacht und Abdeckplatte auf dem Grundstückshof (Privatgelände)","könnte intakt sein!<Fragezeichen>",,,09292413,
122,141,"Handschwengelpumpe [abgebaut]",Neustadt-Neuschönefeld,Rabet,5134379,124016,,"Handschwengelpumpe mit Brunnenschacht und Abdeckplatte gegenüber Nr. 14 (Typ Delphin)","wahrscheinlich nur alter Torso vorhanden",,,09294889,
123,63,"Handschwengelpumpe [abgebaut]",Zentrum-Ost,"Reudnitzer Straße 7-9",5134396,1239203,,"Handschwengelpumpe mit Brunnenschacht und Abdeckplatte gegenüber Nr. 7/9","wahrscheinlich abgebaut",,,09299199,
124,279,Handschwengelpumpe,Reudnitz-Thonberg,"Riebeckstraße 29",5132847875,12404308602085607,"1910 (Handschwengelpumpe)","Handschwengelpumpe mit Brunnenschacht vor Nr. 29 in Ecklage Witzgallstraße (Typ Großer Löwe)","Standort nicht gefunden, wahrscheinlich bepflanzt [Anke]",,,09294875,
125,123,Handschwengelpumpe,Zentrum-Süd,"Riemannstraße 54",513317585,123709032,"um 1910 (Handschwengelpumpe)","Handschwengelpumpe mit Brunnenschacht in Ecklage Harkortstraße, gegenüber Riemannstraße 54 (Typ Kleiner Löwe)","wahrscheinlich abgebaut",,,09297218,
126,212,Handschwengelpumpe,Sellerhausen-Stünz,"Riesaer Straße 1",513465825,124381821,,"Handschwengelpumpe mit Brunnenschacht und Abdeckplatte","verrosteter Torso mit Schwengel vorhanden [Rüdiger]",,,09262177,
127,252,,"Leipzig-Zentrum",Ritterstraße,513418951,123796194,,"Abzweig n. Goethestr. ","wahrscheinlich abgebaut",,
128,60,Handschwengelpumpe,Zentrum-Ost,Rosa-Luxemburg-Straße,5134381,123874,"1910 (Handschwengelpumpe)","Handschwengelpumpe mit Brunnenschacht und Abdeckplatte Ecke Hofmeisterstraße (Typ Großer Löwe)","wahrscheinlich intakt",,,09290538,
129,,Handschwengelpumpe,Neustadt-Neuschönefeld,Rosa-Luxemburg-Straße,513455265,123927237,"1900/1905 (Handschwengelpumpe)","Handschwengelpumpe mit Brunnenschacht und Abdeckplatte, Typ Kleiner Löwe",,,,09293498,
130,,"Handschwengelpumpe [rekonstruiert]",Liebertwolkwitz,Roßmarkt,5128472,124645,"um 1890 (Handschwengelpumpe)","Handschwengelpumpe mit Brunnenschacht und Abdeckplatte; sehr schlanke Form, kulturhistorische Bedeutung",betriebsbereit,,,09299340,
131,225,Handschwengelpumpe,Probstheida,Russenstraße,5130642,1242762,,"Handschwengelpumpe mit Brunnenschacht und Abdeckplatte gegenüber Einmündung der Augustinerstraße","wahrscheinlich abgebaut",,,09294867,
132,,Handschwengelpumpe,Probstheida,"Russenstraße 4 (im Park an der Russenstraße)",513066812,124249835,,"Handschwengelpumpe mit Brunnenschacht und Abdeckplatte vor Nr. 4 auf dem Dorfanger (Typ Delphin)","abgebaut [Anke]",,,09294866,
133,197,Handschwengelpumpe,Gohlis-Süd,Schachtstraße,5136380,1236019,,"Handschwengelpumpe mit Brunnenschacht und Abdeckplatte in Ecklage Georg-Schumann-Straße (Typ Delphin)","wahrscheinlich nur verosteter<Fragezeichen> Torso vorhanden",,,09294851,
134,233,Handschwengelpumpe,Eutritzsch,Schiebestraße,51363112,123859803,,"Handschwengelpumpe mit Brunnenschacht und Abdeckplatte, in Ecklage Magdalenenstraße (Typ Vogelkäfig)","wahrscheinlich abgebaut",,,09294528,
135,57,"Handschwengelpumpe [rekonstruiert]",Zentrum-Ost,"Schützenstraße 8",5134243,12384303,,"Handschwengelpumpe mit Brunnenschacht Ecke Querstraße vor Nr. 8/10 (Typ Gotik)",,,,09293047,
136,217,Handschwengelpumpe,Zentrum-West,Sebastian-Bach-Straße,513365252,123601622,,"Handschwengelpumpe mit Brunnenschacht und Abdeckplatte in Ecklage Schreberstraße (Ganzplatte)","Standort nicht mehr vorhanden [Bau und Service GmbH]",,,09292424,
138,85,"Handschwengelpumpe [abgebaut]",Zentrum-Südost,Seeburgstraße,5133449,1238556,,"Handschwengelpumpe mit Brunnenschacht und Abdeckplatte vor Talstraße 12b","Standort nicht gefunden [Anke]",,,09292785,
139,87,"Handschwengelpumpe [abgebaut]",Zentrum-Südost,"Seeburgstraße 11",5133512,1238259,,"Handschwengelpumpe mit Brunnenschacht und Abdeckplatte vor Nr. 11","abgebaut [Anke]",,,09299163,
137,86,"Handschwengelpumpe [abgebaut]",Zentrum-Südost,"Seeburgstraße 11 (andere Straßenseite)",5133488,1238325,,"Handschwengelpumpe mit Brunnenschacht und Abdeckplatte in Ecklage Nürnberger Straße","abgebaut [Anke]",,,09294855,
140,289,Handschwengelpumpe,Stötteritz,"Sommerfelder Straße 14 (andere Straßenseite)",5132070,12424345,,"Handschwengelpumpe mit Brunnenschacht und Abdeckplatte sowie Wartungsschacht auf dem Schmuckplatz an der Stötteritzer Kirche","abgebaut [Anke] --> wäre schöner Standort",,,09262759,
141,88,"Handschwengelpumpe [abgebaut]",Zentrum-Südost,"Sternwartenstraße 23",5133489,1238084,,"Handschwengelpumpe mit Brunnenschacht und Abdeckplatte vor Nr. 23/25 (Typ Gotik)","abgebaut [Anke]",,,09290936,
142,167,Handschwengelpumpe,Neulindenau,Stockmannstraße,5132566,1231948,,"Handschwengelpumpe mit Brunnenschacht und Abdeckplatte vor dem Haupteingang zum Plagwitzer Friedhof","wahrscheinlich nur alter Torso vorhanden",,,09260925,
143,152,"Handschwengelpumpe [abgebaut]",Reudnitz-Thonberg,Täubchenweg,5133620,1240146,,"Handschwengelpumpe mit Brunnenschacht und Abdeckplatte vor Nr. 51/53 (Typ Delphin)","abgebaut [Anke]",,,09293701,
144,200,Handschwengelpumpe,Eutritzsch,Theresienstraße,513631527,123947877,"um 1910 (Wasserversorgungs- und Abwasseranlage)","Handschwengelpumpe mit Brunnenschacht und Abdeckplatte in Ecklage Haferkornstraße (Typ Delphin; im Juli 1993 abgebaut)","wahrscheinlich abgebaut",,,09294877,
145,,"Handschwengelpumpe [abgebaut]",Volkmarsdorf,"Torgauer Straße",5134220,1241142,,"Handschwengelpumpe mit Brunnenschacht und Abdeckplatte in Ecklage Wurzner Straße (Typ Kleiner Löwe)",,,,09294868,
146,210,"Handschwengelpumpe [rekonstruiert]",Zentrum,"Universitätsstraße 16",5133852,1237755,,"Handschwengelpumpe mit Brunnenschacht und Abdeckplatte vor dem Städtischen Kaufhaus (Typ Kleiner Löwe)",betriebsbereit,,,09262329,
147,215,"Handschwengelpumpe [Torso]",Gohlis-Mitte,Virchowstraße,5136560,1237537,,"Handschwengelpumpe mit Brunnenschacht vor Nr. 7 in Ecklage Daumierstraße (Typ Kleiner Löwe)","wahrscheinlich nur noch Stumpf vorhanden",,,09294881,
148,,,"Volkmarsdorf","Volkmarsdorfer Markt",5134326795,1240933497819476,,,,,
149,282,Handschwengelpumpe,Reudnitz-Thonberg,"Vor dem Hospitaltore 1",5133118,123954563,,"Handschwengelpumpe mit Brunnenschacht und Abdeckplatte (Typ Delphin<Fragezeichen>)","abgebaut, mit großer Metallplatte versiegelt [Anke]",,,09291851,
150,17,"Handschwengelpumpe [rekonstruiert]",Zentrum-Nordwest,"Waldstraße 48",5134554,1235732,,"Handschwengelpumpe mit Brunnenschacht und Abdeckplatte vor Nr. 48 (Typ Gotik)",,,,09294864,
151,186,Handschwengelpumpe,Anger-Crottendorf,Wichernstraße,5133327,1241971,,"Handschwengelpumpe mit Brunnenschacht und Abdeckplatte neben Nr. 2 in Ecklage Zweinaundorfer Straße (Typ Delphin)","wahrscheinlich abgebaut",,,09294847,
152,241,Handschwengelpumpe,Altlindenau,William-Zipperer-Straße,513383921,123298653,,"Handschwengelpumpe mit Brunnenschacht und Abdeckplatte in Ecklage Calvisiusstraße (Typ Vogelkäfig)","wahrscheinlich abgebaut",,,09294849,
154,165,"Handschwengelpumpe [abgebaut]",Kleinzschocher,"Windorfer Straße",5131714,1232851,,"Handschwengelpumpe mit Brunnenschacht und Abdeckplatte vor Nr. 46/48 (Typ Delphin), möglicherweise nach Restaurierung vor Taborkirche versetzt (siehe Bild)",,,,09294865,
156,,,"Kleinzschocher","Windorfer Straße",513161458,123278245,,,,,
155,163,"Handschwengelpumpe [abgebaut]",Kleinzschocher,"Windorfer Straße 55a",5131314,1232707,,"Handschwengelpumpe mit Brunnenschacht und Abdeckplatte vor Nr. 55",betriebsbereit,,,09294871,
157,204,Handschwengelpumpe,Eutritzsch,"Wittenberger Straße",5135722,123872,,"Handschwengelpumpe mit Brunnenschacht und Abdeckplatte in Ecklage Dessauer Straße (Typ Delphin)","wahrscheinlich nur alter Torso vorhanden",,,09294893,
158,185,Handschwengelpumpe,Sellerhausen-Stünz,"Wurzner Straße",5134355,1242677,"um 1910 (Handschwengelpumpe)","Handschwengelpumpe mit Brunnenschacht und Abdeckplatte vor Nr. 143a (Typ Delphin)","wahrscheinlich nur alter Torso vorhanden",,,09261985,
159,,Handschwengelpumpe,Sellerhausen-Stünz,"Riesaer Straße 1",51347841,124368681,,"Handschwengelpumpe",,,,,